# simulation server configuration file,,,,,,,,,,,,
version,1,, shall be less or equal the application version,,,,,,,,,
,"step delay, ms",1000,delay before the new row will be published,,,,,,,,,
port ,502,,,,,,,,,,,
,,70,,,,,,,,,,
,,50,,,,,,,,,,
,,3,,,,,,,,,,
logfile,MbSimSrv.log,,,,,,,,,,,
loops,0,,,,,,,,,,,
debug,1,,,,,,,,,,,
,,,,,,,,,,,,
,,,,,,,,,,,,
#VALUE LOG,,,,,,,,,,,,
step multiplier,delay,counter,sin(),Cos(),speed,vib,Overspeed,Vib trip 4,Coil test,Discrete test,word test U,word test S
,DeltaTime,ref,H0F,H2F,H4F,H6F,H8F,H10F,C0B,D0B,I0U,I1S
20,20000,0,0,3,0,0.000,0,0.000,0,1,37678,-200
,1000,1,0.0299995,2.999850001,1,0.014,1,0.014,,,,
,1000,2,0.059996,2.99940002,2,0.043,2,0.043,,,,
,1000,3,0.089986501,2.998650101,3,0.043,3,0.043,,,,
,1000,4,0.119968003,2.99760032,4,0.043,4,0.043,,,,
,1000,5,0.149937508,2.996250781,5,0.043,5,0.043,,,,
,1000,6,0.179892019,2.99460162,5,0.000,5,0.000,,,,
,1000,7,0.209828542,2.992653001,5,0.000,5,0.000,,,,
,1000,8,0.239744082,2.990405119,5,0.000,5,0.000,,,,
,1000,9,0.269635648,2.987858199,5,0.000,5,1.800,,,,
5,5000,10,0.29950025,2.985012496,5,0.000,5,3.900,,,,
,1000,11,0.329334903,2.981868294,5,0.000,5,2.100,,,,
,1000,12,0.359136622,2.978425908,5,0.000,5,0.000,,,,
,1000,13,0.388902428,2.974685681,5,0.000,5,0.000,,,,
,1000,14,0.418629344,2.970647989,5,0.000,5,0.000,,,,
,1000,15,0.448314397,2.966313234,5,0.471,5,0.471,,,,
,1000,16,0.47795462,2.96168185,16.83333333,0.400,16.83333333,0.400,,,,
,1000,17,0.507547047,2.956754301,28.66666667,0.143,28.66666667,0.143,,,,
,1000,18,0.53708872,2.951531078,40.5,0.443,40.5,0.443,,,,
,1000,19,0.566576685,2.946012705,52.33333333,0.486,52.33333333,0.486,,,,
,1000,20,0.596007992,2.940199734,64.16666667,0.014,64.16666667,0.014,,,,
,1000,21,0.6253797,2.934092744,76,0.329,76,0.329,,,,
,1000,22,0.654688869,2.927692348,87.83333333,0.514,87.83333333,0.514,,,,
,1000,23,0.683932571,2.920999185,99.66666667,0.300,99.66666667,0.300,,,,
,1000,24,0.713107879,2.914013925,111.5,0.186,111.5,0.186,,,,
,1000,25,0.742211878,2.906737265,123.3333333,0.343,123.3333333,0.343,,,,
,1000,26,0.771241656,2.899169934,135.1666667,0.157,135.1666667,0.157,,,,
,1000,27,0.80019431,2.891312689,147,0.414,147,0.414,,,,
,1000,28,0.829066946,2.883166315,158.8333333,0.429,158.8333333,0.429,,,,
,1000,29,0.857856675,2.874731627,170.6666667,0.257,170.6666667,0.257,,,,
,1000,30,0.88656062,2.866009467,182.5,0.214,182.5,0.214,,,,
,1000,31,0.915175909,2.85700071,194.3333333,0.086,194.3333333,0.086,,,,
,1000,32,0.943699682,2.847706254,206.1666667,0.086,206.1666667,0.086,,,,
,1000,33,0.972129085,2.838127031,218,0.271,218,0.271,,,,
,1000,34,1.000461276,2.828263997,229.8333333,0.200,229.8333333,0.200,,,,
,1000,35,1.028693422,2.818118139,241.6666667,0.200,241.6666667,0.200,,,,
,1000,36,1.0568227,2.807690471,253.5,0.157,253.5,0.157,,,,
,1000,37,1.084846296,2.796982037,265.3333333,0.443,265.3333333,0.443,,,,
,1000,38,1.112761408,2.785993907,277.1666667,0.229,277.1666667,0.229,,,,
,1000,39,1.140565245,2.77472718,289,0.271,289,0.271,,,,
,1000,40,1.168255027,2.763182982,300.8333333,0.286,300.8333333,0.286,,,,
,1000,41,1.195827984,2.751362468,312.6666667,0.086,312.6666667,0.086,,,,
,1000,42,1.223281359,2.739266821,324.5,0.300,324.5,0.300,,,,
,1000,43,1.250612407,2.726897249,336.3333333,0.343,336.3333333,0.343,,,,
,1000,44,1.277818395,2.71425499,348.1666667,0.186,348.1666667,0.186,,,,
3,3000,45,1.304896602,2.701341307,360,0.943,360,0.943,,,,
,1000,46,1.331844321,2.688157493,395.4444444,0.143,395.4444444,0.143,,,,
,1000,47,1.358658856,2.674704865,430.8888889,0.386,430.8888889,0.386,,,,
,1000,48,1.385337527,2.660984768,466.3333333,1.529,466.3333333,1.529,,,,
,1000,49,1.411877665,2.646998576,501.7777778,0.143,501.7777778,0.143,,,,
,1000,50,1.438276616,2.632747686,537.2222222,0.214,537.2222222,0.214,,,,
,1000,51,1.464531741,2.618233523,572.6666667,0.029,572.6666667,0.029,,,,
,1000,52,1.490640414,2.603457539,608.1111111,0.614,608.1111111,0.614,,,,
,1000,53,1.516600024,2.588421212,643.5555556,0.886,643.5555556,0.886,,,,
,1000,54,1.542407975,2.573126044,679,1.357,679,1.357,,,,
,1000,55,1.568061687,2.557573566,714.4444444,0.457,714.4444444,0.457,,,,
,1000,56,1.593558594,2.541765333,749.8888889,0.100,749.8888889,0.100,,,,
,1000,57,1.618896146,2.525702925,785.3333333,1.443,785.3333333,1.443,,,,
,1000,58,1.64407181,2.50938795,820.7777778,1.057,820.7777778,1.057,,,,
,1000,59,1.669083069,2.492822037,856.2222222,0.729,856.2222222,0.729,,,,
,1000,60,1.69392742,2.476006845,891.6666667,1.486,891.6666667,1.486,,,,
,1000,61,1.71860238,2.458944054,927.1111111,0.829,927.1111111,0.829,,,,
,1000,62,1.743105482,2.44163537,962.5555556,0.800,962.5555556,0.800,,,,
,1000,63,1.767434274,2.424082525,998,1.186,998,1.186,,,,
,1000,64,1.791586324,2.406287274,1033.444444,1.129,1033.444444,1.129,,,,
,1000,65,1.815559217,2.388251396,1068.888889,0.514,1068.888889,0.514,,,,
,1000,66,1.839350556,2.369976694,1104.333333,0.200,1104.333333,0.200,,,,
,1000,67,1.862957961,2.351464998,1139.777778,0.229,1139.777778,0.229,,,,
,1000,68,1.886379072,2.332718156,1175.222222,1.100,1175.222222,1.100,,,,
,1000,69,1.909611547,2.313738045,1210.666667,1.471,1210.666667,1.471,,,,
,1000,70,1.932653062,2.294526562,1246.111111,1.386,1246.111111,1.386,,,,
,1000,71,1.955501313,2.275085628,1281.555556,0.271,1281.555556,0.271,,,,
,1000,72,1.978154016,2.255417187,1317,0.900,1317,0.900,,,,
,1000,73,2.000608905,2.235523207,1352.444444,0.057,1352.444444,0.057,,,,
,1000,74,2.022863735,2.215405676,1387.888889,1.086,1387.888889,1.086,,,,
,1000,75,2.04491628,2.195066607,1423.333333,0.800,1423.333333,0.800,,,,
,1000,76,2.066764335,2.174508032,1458.777778,0.057,1458.777778,0.057,,,,
,1000,77,2.088405716,2.153732009,1494.222222,0.014,1494.222222,0.014,,,,
,1000,78,2.109838258,2.132740614,1529.666667,1.657,1529.666667,1.657,,,,
,1000,79,2.131059817,2.111535947,1565.111111,0.229,1565.111111,0.229,,,,
,1000,80,2.152068273,2.090120128,1600.555556,0.714,1600.555556,0.714,,,,
,1000,81,2.172861523,2.068495299,1636,0.357,1636,0.357,,,,
,1000,82,2.193437489,2.046663622,1671.444444,1.286,1671.444444,1.286,,,,
,1000,83,2.213794113,2.02462728,1706.888889,1.371,1706.888889,1.371,,,,
,1000,84,2.23392936,2.002388478,1742.333333,0.614,1742.333333,0.614,,,,
,1000,85,2.253841215,1.979949438,1777.777778,0.343,1777.777778,0.343,,,,
,1000,86,2.273527689,1.957312404,1813.222222,0.829,1813.222222,0.829,,,,
,1000,87,2.292986811,1.934479642,1848.666667,1.857,1848.666667,1.857,,,,
,1000,88,2.312216637,1.911453433,1884.111111,1.057,1884.111111,1.057,,,,
,1000,89,2.331215243,1.88823608,1919.555556,0.314,1919.555556,0.314,,,,
,1000,90,2.349980729,1.864829905,1955,0.743,1955,0.743,,,,
,1000,91,2.368511219,1.841237248,1990.444444,0.714,1990.444444,0.714,,,,
,1000,92,2.38680486,1.81746047,2025.888889,0.286,2025.888889,0.286,,,,
,1000,93,2.404859823,1.793501947,2061.333333,1.443,2061.333333,1.443,,,,
,1000,94,2.422674301,1.769364075,2096.777778,0.729,2096.777778,0.729,,,,
,1000,95,2.440246514,1.745049268,2132.222222,1.957,2132.222222,1.957,,,,
,1000,96,2.457574705,1.720559958,2167.666667,0.314,2167.666667,0.314,,,,
,1000,97,2.47465714,1.695898593,2203.111111,1.029,2203.111111,1.029,,,,
,1000,98,2.491492111,1.67106764,2238.555556,0.057,2238.555556,0.057,,,,
,1000,99,2.508077936,1.646069582,2274,0.286,2274,0.286,,,,
,1000,100,2.524412954,1.620906918,2309.444444,0.186,2309.444444,0.186,,,,
,1000,101,2.540495534,1.595582164,2344.888889,1.629,2344.888889,1.629,,,,
,1000,102,2.556324066,1.570097854,2380.333333,0.286,2380.333333,0.286,,,,
,1000,103,2.571896968,1.544456535,2415.777778,0.543,2415.777778,0.543,,,,
,1000,104,2.587212682,1.518660772,2451.222222,0.257,2451.222222,0.257,,,,
,1000,105,2.602269677,1.492713144,2486.666667,0.214,2486.666667,0.214,,,,
,1000,106,2.617066447,1.466616246,2522.111111,1.086,2522.111111,1.086,,,,
,1000,107,2.631601513,1.440372687,2557.555556,0.100,2557.555556,0.100,,,,
,1000,108,2.645873421,1.413985093,2593,0.357,2593,0.357,,,,
,1000,109,2.659880743,1.387456101,2628.444444,0.400,2628.444444,0.400,,,,
,1000,110,2.67362208,1.360788364,2663.888889,0.443,2663.888889,0.443,,,,
,1000,111,2.687096057,1.33398455,2699.333333,0.629,2699.333333,0.629,,,,
,1000,112,2.700301327,1.307047339,2734.777778,2.129,2734.777778,2.129,,,,
,1000,113,2.713236568,1.279979424,2770.222222,0.357,2770.222222,0.357,,,,
,1000,114,2.725900488,1.252783512,2805.666667,0.714,2805.666667,0.714,,,,
,1000,115,2.738291821,1.225462323,2841.111111,0.629,2841.111111,0.629,,,,
,1000,116,2.750409326,1.198018588,2876.555556,0.843,2876.555556,0.843,,,,
,1000,117,2.762251793,1.170455053,2912,1.843,2912,1.843,,,,
,1000,118,2.773818037,1.142774473,2947.444444,0.229,2947.444444,0.229,,,,
,1000,119,2.785106902,1.114979617,2982.888889,0.400,2982.888889,0.400,,,,
,1000,120,2.796117258,1.087073263,3018.333333,1.271,3018.333333,1.271,,,,
,1000,121,2.806848005,1.059058204,3053.777778,1.229,3053.777778,1.229,,,,
,1000,122,2.817298069,1.030937239,3089.222222,1.386,3089.222222,1.386,,,,
,1000,123,2.827466406,1.002713181,3124.666667,0.357,3124.666667,0.357,,,,
,1000,124,2.837351998,0.974388853,3160.111111,1.043,3160.111111,1.043,,,,
,1000,125,2.846953858,0.945967087,3195.555556,1.343,3195.555556,1.343,,,,
,1000,126,2.856271025,0.917450725,3231,0.800,3231,0.800,,,,
,1000,127,2.865302567,0.888842619,3266.444444,1.129,3266.444444,1.129,,,,
,1000,128,2.874047581,0.860145629,3301.888889,0.286,3301.888889,0.286,,,,
,1000,129,2.882505193,0.831362625,3337.333333,0.586,3337.333333,0.586,,,,
,1000,130,2.890674556,0.802496486,3372.777778,0.771,3372.777778,0.771,,,,
,1000,131,2.898554855,0.773550098,3408.222222,0.571,3408.222222,0.571,,,,
,1000,132,2.9061453,0.744526355,3443.666667,1.300,3443.666667,1.300,,,,
,1000,133,2.913445134,0.71542816,3479.111111,0.786,3479.111111,0.786,,,,
,1000,134,2.920453625,0.686258423,3500,0.671,3500,0.671,,,,
,1000,135,2.927170073,0.657020061,3510,1.300,3510,1.300,,,,
,1000,136,2.933593807,0.627715998,3521,0.614,3521,0.614,,,,
,1000,137,2.939724184,0.598349163,3530,1.243,3530,1.243,,,,
,1000,138,2.945560591,0.568922494,3539,0.329,3539,0.329,,,,
,1000,139,2.951102444,0.539438933,3548,0.629,3548,0.629,,,,
,1000,140,2.95634919,0.509901429,3558,0.357,3558,0.357,,,,
,1000,141,2.961300303,0.480312935,3566,0.643,3566,0.643,,,,
,1000,142,2.965955289,0.45067641,3574,0.314,3574,0.314,,,,
,1000,143,2.970313681,0.420994818,3580,0.100,3580,0.100,,,,
,1000,144,2.974375045,0.391271126,3585,0.371,3585,0.371,,,,
,1000,145,2.978138973,0.361508308,3589,0.586,3589,0.586,,,,
,1000,146,2.98160509,0.331709339,3591,0.914,3591,0.914,,,,
,1000,147,2.984773049,0.3018772,3593,0.071,3593,0.071,,,,
,1000,148,2.987642534,0.272014873,3595,0.686,3595,0.686,,,,
,1000,149,2.990213256,0.242125345,3596,0.014,3596,0.014,,,,
,1000,150,2.99248496,0.212211605,3597,0.957,3597,0.957,,,,
,1000,151,2.994457417,0.182276644,3598,0.500,3598,0.500,,,,
,1000,152,2.996130432,0.152323455,3599,0.557,3599,0.557,,,,
,1000,153,2.997503836,0.122355034,3600,0.129,3600,0.129,,,,
,1000,154,2.998577492,0.092374377,3600,0.043,3600,0.043,,,,
,1000,155,2.999351293,0.062384483,3600,0.671,3600,0.671,,,,
,1000,156,2.999825161,0.032388351,3600,0.543,3610,0.543,,,,
,1000,157,2.999999049,0.00238898,3600,0.729,3650,0.729,,,,
,1000,158,2.999872939,-0.02761063,3600,0.329,3620,0.329,,,,
,1000,159,2.999446845,-0.057607479,3600,0.071,3600,0.071,,,,
,1000,160,2.998720809,-0.087598567,3600,1.000,3600,1.000,,,,
,1000,161,2.997694903,-0.117580895,3600,0.143,3600,0.143,,,,
,1000,162,2.99636923,-0.147551466,3600,0.986,3600,0.986,,,,
,1000,163,2.994743923,-0.177507281,3600,0.986,3600,0.986,,,,
,1000,164,2.992819144,-0.207445346,3600,0.100,3600,0.100,,,,
,1000,165,2.990595085,-0.237362666,3600,0.357,3600,0.357,,,,
,1000,166,2.98807197,-0.267256251,3600,0.814,3600,0.814,,,,
,1000,167,2.985250049,-0.29712311,3600,0.429,3600,0.429,,,,
,1000,168,2.982129607,-0.326960257,3600,0.114,3600,0.114,,,,
,1000,169,2.978710953,-0.356764708,3600,0.529,3600,0.529,,,,
,1000,170,2.974994431,-0.386533483,3600,0.614,3600,0.614,,,,
,1000,171,2.970980412,-0.416263605,3600,0.886,3600,0.886,,,,
,1000,172,2.966669298,-0.445952101,3600,0.329,3600,0.329,,,,
,1000,173,2.962061519,-0.475596002,3600,0.943,3600,0.943,,,,
,1000,174,2.957157537,-0.505192344,3600,0.129,3600,0.129,,,,
,1000,175,2.951957841,-0.534738167,3600,0.514,3600,0.514,,,,
,1000,176,2.946462951,-0.564230517,3600,0.886,3600,0.886,,,,
,1000,177,2.940673418,-0.593666444,3600,1.014,3600,1.014,,,,
,1000,178,2.93458982,-0.623043005,3600,0.157,3600,0.157,,,,
,1000,179,2.928212766,-0.652357262,3600,0.486,3600,0.486,,,,
,1000,180,2.921542893,-0.681606284,3600,0.857,3600,0.857,,,,
,1000,181,2.914580867,-0.710787146,3600,0.643,3600,0.643,,,,
,1000,182,2.907327387,-0.73989693,3600,0.843,3600,0.843,,,,
,1000,183,2.899783175,-0.768932725,3600,0.357,3600,0.357,,,,
,1000,184,2.891948988,-0.797891627,3600,0.857,3600,0.857,,,,
,1000,185,2.883825609,-0.82677074,3600,0.943,3600,0.943,,,,
,1000,186,2.875413849,-0.855567178,3600,0.457,3600,0.457,,,,
,1000,187,2.866714551,-0.884278059,3600,0.371,3600,0.371,,,,
,1000,188,2.857728583,-0.912900513,3600,0.871,3600,0.871,,,,
,1000,189,2.848456845,-0.941431678,3600,0.243,3600,0.243,,,,
,1000,190,2.838900263,-0.969868701,3600,0.214,3600,0.214,,,,
,1000,191,2.829059794,-0.998208737,3600,0.157,3600,0.157,,,,
,1000,192,2.818936421,-1.026448953,3600,0.871,3600,0.871,,,,
,1000,193,2.808531157,-1.054586526,3600,0.886,3600,0.886,,,,
,1000,194,2.797845042,-1.08261864,3600,1.014,3600,1.014,,,,
,1000,195,2.786879145,-1.110542494,3600,0.543,3600,0.543,,,,
,1000,196,2.775634562,-1.138355294,3600,0.786,3600,0.786,,,,
,1000,197,2.764112419,-1.16605426,3600,0.843,3600,0.843,,,,
,1000,198,2.752313866,-1.193636621,3600,0.829,3600,0.829,,,,
,1000,199,2.740240084,-1.22109962,3600,0.843,3600,0.843,,,,
,1000,200,2.72789228,-1.24844051,3600,0.943,3600,0.943,,,,
,1000,201,2.71527169,-1.275656556,3600,0.329,3650,0.329,,,,
,1000,202,2.702379575,-1.302745038,3600,0.257,3690,0.257,,,,
,1000,203,2.689217223,-1.329703247,3600,0.957,3670,0.957,,,,
,1000,204,2.675785953,-1.356528486,3600,0.300,3620,0.300,,,,
,1000,205,2.662087106,-1.383218074,3600,0.929,3600,0.929,,,,
,1000,206,2.648122052,-1.409769341,3600,1.000,3600,1.000,,,,
,1000,207,2.633892189,-1.436179632,3600,0.229,3600,0.229,,,,
,1000,208,2.619398939,-1.462446307,3600,0.086,3600,0.086,,,,
,1000,209,2.60464375,-1.488566738,3600,0.600,3600,0.600,,,,
,1000,210,2.5896281,-1.514538314,3600,0.643,3600,0.643,,,,
,1000,211,2.574353489,-1.540358437,3600,0.729,3600,0.729,,,,
,1000,212,2.558821445,-1.566024525,3600,0.271,3600,0.271,,,,
,1000,213,2.54303352,-1.591534013,3600,0.043,3600,0.043,,,,
,1000,214,2.526991295,-1.616884348,3600,0.871,3600,0.871,,,,
,1000,215,2.510696372,-1.642072996,3600,0.671,3600,0.671,,,,
,1000,216,2.494150382,-1.667097439,3600,0.257,3600,0.257,,,,
,1000,217,2.477354979,-1.691955173,3600,0.157,3600,0.157,,,,
,1000,218,2.460311843,-1.716643713,3600,0.529,3600,0.529,,,,
,1000,219,2.443022677,-1.741160589,3600,0.971,3600,0.971,,,,
,1000,220,2.425489211,-1.765503352,3600,0.871,3600,3.800,,,,
,1000,221,2.407713199,-1.789669565,3600,0.429,3600,4.900,,,,
,1000,222,2.389696417,-1.813656813,3600,0.229,3600,5.500,,,,
,1000,223,2.371440667,-1.837462697,3598,0.729,3598,5.200,,,,
,1000,224,2.352947775,-1.861084836,3595,0.386,3595,3.900,,,,
,1000,225,2.334219591,-1.884520868,3591,0.043,3591,0.043,,,,
,1000,226,2.315257986,-1.90776845,3585,0.700,3585,0.700,,,,
,1000,227,2.296064858,-1.930825256,3579,0.029,3579,0.029,,,,
,1000,228,2.276642125,-1.953688982,3568,0.171,3568,0.171,,,,
,1000,229,2.256991729,-1.97635734,3555,0.500,3555,0.500,,,,
,1000,230,2.237115637,-1.998828064,3530,0.129,3530,0.129,,,,
,1000,231,2.217015834,-2.021098907,3500,1.300,3500,1.300,,,,
,1000,232,2.196694332,-2.043167642,3440,0.286,3440,0.286,,,,
,1000,233,2.176153162,-2.065032061,3400,1.171,3400,1.171,,,,
,1000,234,2.155394379,-2.086689979,3310,0.443,3310,0.443,,,,
,1000,235,2.134420058,-2.10813923,3220,0.800,3220,0.800,,,,
,1000,236,2.113232297,-2.129377669,3130,2.914,3130,2.914,,,,
,1000,237,2.091833215,-2.150403172,3040,0.386,3040,0.386,,,,
,1000,238,2.070224951,-2.171213636,2950,2.714,2950,2.714,,,,
,1000,239,2.048409666,-2.191806981,2860,2.729,2860,2.729,,,,
,1000,240,2.026389542,-2.212181147,2770,1.729,2770,1.729,,,,
,1000,241,2.00416678,-2.232334096,2680,2.500,2680,2.500,,,,
,1000,242,1.981743604,-2.252263814,2590,3.171,2590,3.171,,,,
,1000,243,1.959122255,-2.271968308,2500,2.971,2500,2.971,,,,
,1000,244,1.936304995,-2.291445606,2440,1.071,2440,1.071,,,,
,1000,245,1.913294106,-2.310693762,2380,1.429,2380,1.429,,,,
,1000,246,1.89009189,-2.329710851,2320,1.343,2320,1.343,,,,
,1000,247,1.866700666,-2.34849497,2260,1.257,2260,1.257,,,,
,1000,248,1.843122773,-2.367044242,2200,2.271,2200,2.271,,,,
,1000,249,1.81936057,-2.385356811,2140,1.071,2140,1.071,,,,
,1000,250,1.795416432,-2.403430847,2080,1.900,2080,1.900,,,,
,1000,251,1.771292754,-2.421264541,2020,0.929,2020,0.929,,,,
,1000,252,1.746991949,-2.438856111,1960,0.043,1960,0.043,,,,
,1000,253,1.722516445,-2.456203798,1900,0.357,1900,0.357,,,,
,1000,254,1.697868691,-2.473305866,1840,0.114,1840,0.114,,,,
,1000,255,1.673051152,-2.490160606,1780,0.500,1780,0.500,,,,
,1000,256,1.648066309,-2.506766331,1720,1.457,1720,1.457,,,,
,1000,257,1.622916661,-2.523121383,1660,1.543,1660,1.543,,,,
,1000,258,1.597604723,-2.539224124,1600,1.400,1600,1.400,,,,
,1000,259,1.572133025,-2.555072944,1540,0.943,1540,0.943,,,,
,1000,260,1.546504115,-2.57066626,1480,2.500,1480,2.500,,,,
,1000,261,1.520720557,-2.586002511,1420,0.814,1420,0.814,,,,
,1000,262,1.494784927,-2.601080164,1360,2.000,1360,2.000,,,,
,1000,263,1.46869982,-2.615897712,1300,0.471,1300,0.471,,,,
,1000,264,1.442467845,-2.630453671,1240,1.000,1240,1.000,,,,
,1000,265,1.416091624,-2.644746588,1180,0.029,1180,0.029,,,,
,1000,266,1.389573795,-2.658775032,1120,1.000,1120,1.000,,,,
,1000,267,1.362917009,-2.6725376,1060,1.186,1060,1.186,,,,
,1000,268,1.336123934,-2.686032918,1000,1.614,1000,1.614,,,,
,1000,269,1.309197246,-2.699259634,930,1.271,930,1.271,,,,
,1000,270,1.282139641,-2.712216426,860,2.286,860,2.286,,,,
,1000,271,1.254953822,-2.724901999,790,2.300,790,2.300,,,,
,1000,272,1.227642509,-2.737315084,720,0.029,720,0.029,,,,
,1000,273,1.200208433,-2.74945444,650,0.171,650,0.171,,,,
,1000,274,1.172654337,-2.761318853,580,2.500,580,2.500,,,,
,1000,275,1.144982976,-2.772907136,510,1.614,510,1.614,,,,
,1000,276,1.117197118,-2.784218131,440,2.257,440,2.257,,,,
,1000,277,1.089299542,-2.795250706,370,0.500,370,0.500,,,,
,1000,278,1.061293036,-2.806003758,300,1.600,300,1.600,,,,
,1000,279,1.033180402,-2.816476213,230,0.600,230,0.600,,,,
,1000,280,1.00496445,-2.826667022,160,1.671,160,1.671,,,,
,1000,281,0.976648004,-2.836575167,90,0.543,90,0.543,,,,
,1000,282,0.948233893,-2.846199657,20,1.129,20,1.129,,,,
,1000,283,0.919724959,-2.855539529,5,0.000,5,0.000,,,,
,1000,284,0.891124054,-2.864593849,5,0.000,5,0.000,,,,
,1000,285,0.862434037,-2.873361713,5,0.000,5,0.000,,,,
,1000,286,0.833657777,-2.881842242,5,0.000,5,0.000,,,,
,1000,287,0.804798153,-2.89003459,5,0.000,5,0.000,,,,
,1000,288,0.775858049,-2.897937937,5,0.000,5,0.000,,,,
,1000,289,0.74684036,-2.905551493,5,0.000,5,0.000,,,,
,1000,290,0.717747988,-2.912874495,5,0.000,5,0.000,,,,
,1000,291,0.688583841,-2.919906213,5,0.000,5,0.000,,,,
,1000,292,0.659350837,-2.926645943,5,0.000,5,0.000,,,,
,1000,293,0.630051898,-2.93309301,5,0.000,5,0.000,,,,
,1000,294,0.600689954,-2.939246771,5,0.000,5,0.000,,,,
,1000,295,0.571267942,-2.945106609,5,0.000,5,0.000,,,,
,1000,296,0.541788804,-2.950671939,5,0.000,5,0.000,,,,
,1000,297,0.512255487,-2.955942204,5,0.000,5,0.000,,,,
,1000,298,0.482670945,-2.960916878,5,0.014,5,0.014,,,,
,1000,299,0.453038136,-2.965595462,4,0.014,4,0.014,,,,
,1000,300,0.423360024,-2.96997749,3,0.043,3,0.043,,,,
,1000,301,0.393639576,-2.974062522,2,0.043,2,0.043,,,,
,1000,302,0.363879765,-2.97785015,1,0.029,1,0.029,,,,
,1000,303,0.334083566,-2.981339996,0,0.000,0,0.000,,,,
,1000,304,0.304253959,-2.98453171,,,,,,,,
,1000,305,0.274393927,-2.987424974,,,,,,,,
,1000,306,0.244506455,-2.990019497,,,,,,,,
,1000,307,0.214594533,-2.992315021,,,,,,,,
,1000,308,0.184661152,-2.994311316,,,,,,,,
,1000,309,0.154709305,-2.996008183,,,,,,,,
,1000,310,0.124741987,-2.997405451,,,,,,,,
,1000,311,0.094762195,-2.998502981,,,,,,,,
,1000,312,0.064772927,-2.999300663,,,,,,,,
,1000,313,0.034777182,-2.999798418,,,,,,,,
,1000,314,0.004777959,-2.999996195,,,,,,,,
,1000,315,-0.025221742,-2.999893975,,,,,,,,
,1000,316,-0.055218921,-2.999491769,,,,,,,,
,1000,317,-0.085210578,-2.998789615,,,,,,,,
,1000,318,-0.115193714,-2.997787586,,,,,,,,
,1000,319,-0.14516533,-2.99648578,,,,,,,,
,1000,320,-0.17512243,-2.994884327,,,,,,,,
,1000,321,-0.205062018,-2.992983389,,,,,,,,
,1000,322,-0.2349811,-2.990783155,,,,,,,,
,1000,323,-0.264876685,-2.988283846,,,,,,,,
,1000,324,-0.294745781,-2.98548571,,,,,,,,
,1000,325,-0.324585404,-2.982389028,,,,,,,,
,1000,326,-0.354392568,-2.97899411,,,,,,,,
,1000,327,-0.384164293,-2.975301295,,,,,,,,
,1000,328,-0.413897602,-2.971310952,,,,,,,,
,1000,329,-0.443589521,-2.967023481,,,,,,,,
,1000,330,-0.473237082,-2.96243931,,,,,,,,
,1000,331,-0.50283732,-2.957558897,,,,,,,,
,1000,332,-0.532387275,-2.952382731,,,,,,,,
,1000,333,-0.561883991,-2.946911329,,,,,,,,
,1000,334,-0.591324519,-2.941145238,,,,,,,,
,1000,335,-0.620705915,-2.935085036,,,,,,,,
,1000,336,-0.650025241,-2.928731327,,,,,,,,
,1000,337,-0.679279565,-2.922084748,,,,,,,,
,1000,338,-0.708465962,-2.915145962,,,,,,,,
,1000,339,-0.737581513,-2.907915665,,,,,,,,
,1000,340,-0.766623306,-2.900394578,,,,,,,,
,1000,341,-0.795588438,-2.892583454,,,,,,,,
,1000,342,-0.824474011,-2.884483074,,,,,,,,
,1000,343,-0.853277138,-2.876094249,,,,,,,,
,1000,344,-0.881994937,-2.867417816,,,,,,,,
,1000,345,-0.910624538,-2.858454644,,,,,,,,
,1000,346,-0.939163077,-2.849205629,,,,,,,,
,1000,347,-0.967607701,-2.839671695,,,,,,,,
,1000,348,-0.995955565,-2.829853797,,,,,,,,
,1000,349,-1.024203834,-2.819752916,,,,,,,,
,1000,350,-1.052349683,-2.809370062,,,,,,,,
,1000,351,-1.080390298,-2.798706273,,,,,,,,
,1000,352,-1.108322876,-2.787762616,,,,,,,,
,1000,353,-1.136144621,-2.776540185,,,,,,,,
,1000,354,-1.163852754,-2.765040102,,,,,,,,
,1000,355,-1.191444502,-2.753263518,,,,,,,,
,1000,356,-1.218917106,-2.741211609,,,,,,,,
,1000,357,-1.24626782,-2.728885582,,,,,,,,
,1000,358,-1.273493908,-2.716286668,,,,,,,,
,1000,359,-1.300592648,-2.703416128,,,,,,,,
,1000,360,-1.32756133,-2.690275249,,,,,,,,
,1000,361,-1.354397256,-2.676865344,,,,,,,,
,1000,362,-1.381097744,-2.663187755,,,,,,,,
,1000,363,-1.407660124,-2.64924385,,,,,,,,
,1000,364,-1.434081738,-2.635035022,,,,,,,,
,1000,365,-1.460359946,-2.620562693,,,,,,,,
,1000,366,-1.486492119,-2.60582831,,,,,,,,
,1000,367,-1.512475644,-2.590833346,,,,,,,,
,1000,368,-1.538307922,-2.575579301,,,,,,,,
,1000,369,-1.563986371,-2.5600677,,,,,,,,
,1000,370,-1.589508423,-2.544300095,,,,,,,,
,1000,371,-1.614871525,-2.528278062,,,,,,,,
,1000,372,-1.640073141,-2.512003203,,,,,,,,
,1000,373,-1.665110752,-2.495477146,,,,,,,,
,1000,374,-1.689981852,-2.478701543,,,,,,,,
,1000,375,-1.714683956,-2.461678072,,,,,,,,
,1000,376,-1.739214593,-2.444408435,,,,,,,,
,1000,377,-1.76357131,-2.42689436,,,,,,,,
,1000,378,-1.787751671,-2.409137597,,,,,,,,
,1000,379,-1.811753259,-2.391139922,,,,,,,,
,1000,380,-1.835573673,-2.372903136,,,,,,,,
,1000,381,-1.859210531,-2.354429061,,,,,,,,
,1000,382,-1.882661469,-2.335719545,,,,,,,,
,1000,383,-1.905924143,-2.316776459,,,,,,,,
,1000,384,-1.928996226,-2.297601697,,,,,,,,
,1000,385,-1.951875411,-2.278197177,,,,,,,,
,1000,386,-1.97455941,-2.25856484,,,,,,,,
,1000,387,-1.997045955,-2.238706647,,,,,,,,
,1000,388,-2.019332797,-2.218624586,,,,,,,,
,1000,389,-2.041417707,-2.198320665,,,,,,,,
,1000,390,-2.063298478,-2.177796913,,,,,,,,
,1000,391,-2.08497292,-2.157055383,,,,,,,,
,1000,392,-2.106438866,-2.136098149,,,,,,,,
,1000,393,-2.127694171,-2.114927308,,,,,,,,
,1000,394,-2.148736707,-2.093544975,,,,,,,,
,1000,395,-2.169564372,-2.07195329,,,,,,,,
,1000,396,-2.190175083,-2.050154411,,,,,,,,
,1000,397,-2.210566777,-2.028150518,,,,,,,,
,1000,398,-2.230737417,-2.005943812,,,,,,,,
,1000,399,-2.250684985,-1.983536513,,,,,,,,
,1000,400,-2.270407486,-1.960930863,,,,,,,,
,1000,401,-2.289902948,-1.93812912,,,,,,,,
,1000,402,-2.309169422,-1.915133567,,,,,,,,
,1000,403,-2.328204981,-1.891946502,,,,,,,,
,1000,404,-2.347007722,-1.868570243,,,,,,,,
,1000,405,-2.365575763,-1.84500713,,,,,,,,
,1000,406,-2.383907249,-1.821259517,,,,,,,,
,1000,407,-2.402000347,-1.797329779,,,,,,,,
,1000,408,-2.419853246,-1.77322031,,,,,,,,
,1000,409,-2.437464162,-1.748933521,,,,,,,,
,1000,410,-2.454831333,-1.72447184,,,,,,,,
,1000,411,-2.471953024,-1.699837713,,,,,,,,
,1000,412,-2.488827521,-1.675033603,,,,,,,,
,1000,413,-2.505453137,-1.650061992,,,,,,,,
,1000,414,-2.521828211,-1.624925376,,,,,,,,
,1000,415,-2.537951103,-1.599626268,,,,,,,,
,1000,416,-2.553820203,-1.574167199,,,,,,,,
,1000,417,-2.569433922,-1.548550715,,,,,,,,
,1000,418,-2.584790701,-1.522779377,,,,,,,,
,1000,419,-2.599889002,-1.496855763,,,,,,,,
,1000,420,-2.614727317,-1.470782464,,,,,,,,
,1000,421,-2.629304161,-1.444562088,,,,,,,,
,1000,422,-2.643618077,-1.418197257,,,,,,,,
,1000,423,-2.657667634,-1.391690608,,,,,,,,
,1000,424,-2.671451426,-1.36504479,,,,,,,,
,1000,425,-2.684968075,-1.33826247,,,,,,,,
,1000,426,-2.698216229,-1.311346324,,,,,,,,
,1000,427,-2.711194564,-1.284299045,,,,,,,,
,1000,428,-2.723901782,-1.257123336,,,,,,,,
,1000,429,-2.736336612,-1.229821917,,,,,,,,
,1000,430,-2.74849781,-1.202397516,,,,,,,,
,1000,431,-2.760384161,-1.174852877,,,,,,,,
,1000,432,-2.771994476,-1.147190753,,,,,,,,
,1000,433,-2.783327594,-1.119413911,,,,,,,,
,1000,434,-2.794382381,-1.091525129,,,,,,,,
,1000,435,-2.805157733,-1.063527195,,,,,,,,
,1000,436,-2.815652571,-1.035422909,,,,,,,,
,1000,437,-2.825865846,-1.007215082,,,,,,,,
,1000,438,-2.835796537,-0.978906534,,,,,,,,
,1000,439,-2.84544365,-0.950500097,,,,,,,,
,1000,440,-2.854806222,-0.92199861,,,,,,,,
,1000,441,-2.863883315,-0.893404924,,,,,,,,
,1000,442,-2.872674022,-0.864721898,,,,,,,,
,1000,443,-2.881177465,-0.835952401,,,,,,,,
,1000,444,-2.889392792,-0.807099309,,,,,,,,
,1000,445,-2.897319182,-0.778165508,,,,,,,,
,1000,446,-2.904955843,-0.749153891,,,,,,,,
,1000,447,-2.91230201,-0.72006736,,,,,,,,
,1000,448,-2.91935695,-0.690908822,,,,,,,,
,1000,449,-2.926119956,-0.661681194,,,,,,,,
,1000,450,-2.932590353,-0.632387398,,,,,,,,
,1000,451,-2.938767493,-0.603030364,,,,,,,,
,1000,452,-2.944650759,-0.573613028,,,,,,,,
,1000,453,-2.950239563,-0.544138331,,,,,,,,
,1000,454,-2.955533345,-0.51460922,,,,,,,,
,1000,455,-2.960531576,-0.485028649,,,,,,,,
,1000,456,-2.965233756,-0.455399575,,,,,,,,
,1000,457,-2.969639415,-0.425724962,,,,,,,,
,1000,458,-2.973748113,-0.396007777,,,,,,,,
,1000,459,-2.977559439,-0.366250991,,,,,,,,
,1000,460,-2.981073011,-0.336457581,,,,,,,,
,1000,461,-2.984288478,-0.306630525,,,,,,,,
,1000,462,-2.987205519,-0.276772806,,,,,,,,
,1000,463,-2.989823842,-0.24688741,,,,,,,,
,1000,464,-2.992143185,-0.216977326,,,,,,,,
,1000,465,-2.994163316,-0.187045544,,,,,,,,
,1000,466,-2.995884034,-0.157095057,,,,,,,,
,1000,467,-2.997305165,-0.127128862,,,,,,,,
,1000,468,-2.998426568,-0.097149953,,,,,,,,
,1000,469,-2.999248132,-0.06716133,,,,,,,,
,1000,470,-2.999769773,-0.03716599,,,,,,,,
,1000,471,-2.999991439,-0.007166934,,,,,,,,
,1000,472,-2.999913109,0.022832838,,,,,,,,
,1000,473,-2.99953479,0.052830328,,,,,,,,
,1000,474,-2.99885652,0.082822534,,,,,,,,
,1000,475,-2.997878367,0.112806459,,,,,,,,
,1000,476,-2.996600428,0.142779102,,,,,,,,
,1000,477,-2.995022832,0.172737468,,,,,,,,
,1000,478,-2.993145737,0.202678561,,,,,,,,
,1000,479,-2.990969329,0.232599385,,,,,,,,
,1000,480,-2.988493827,0.26249695,,,,,,,,
,1000,481,-2.985719477,0.292368266,,,,,,,,
,1000,482,-2.982646559,0.322210345,,,,,,,,
,1000,483,-2.979275378,0.352020203,,,,,,,,
,1000,484,-2.975606272,0.381794859,,,,,,,,
,1000,485,-2.971639608,0.411531336,,,,,,,,
,1000,486,-2.967375782,0.441226661,,,,,,,,
,1000,487,-2.962815222,0.470877863,,,,,,,,
,1000,488,-2.957958382,0.500481978,,,,,,,,
,1000,489,-2.952805749,0.530036044,,,,,,,,
,1000,490,-2.947357838,0.559537108,,,,,,,,
,1000,491,-2.941615193,0.588982219,,,,,,,,
,1000,492,-2.93557839,0.618368432,,,,,,,,
,1000,493,-2.929248031,0.647692808,,,,,,,,
,1000,494,-2.92262475,0.676952416,,,,,,,,
,1000,495,-2.915709208,0.706144329,,,,,,,,
,1000,496,-2.908502098,0.735265628,,,,,,,,
,1000,497,-2.901004141,0.764313401,,,,,,,,
,1000,498,-2.893216085,0.793284744,,,,,,,,
,1000,499,-2.88513871,0.822176759,,,,,,,,
,1000,500,-2.876772824,0.850986556,,,,,,,,
,1000,501,-2.868119263,0.879711256,,,,,,,,
,1000,502,-2.859178892,0.908347986,,,,,,,,
,1000,503,-2.849952606,0.936893881,,,,,,,,
,1000,504,-2.840441327,0.965346088,,,,,,,,
,1000,505,-2.830646006,0.993701761,,,,,,,,
,1000,506,-2.820567623,1.021958064,,,,,,,,
,1000,507,-2.810207185,1.050112173,,,,,,,,
,1000,508,-2.799565729,1.078161271,,,,,,,,
,1000,509,-2.788644319,1.106102554,,,,,,,,
,1000,510,-2.777444047,1.133933228,,,,,,,,
,1000,511,-2.765966033,1.16165051,,,,,,,,
,1000,512,-2.754211424,1.189251627,,,,,,,,
,1000,513,-2.742181397,1.21673382,,,,,,,,
,1000,514,-2.729877153,1.244094341,,,,,,,,
,1000,515,-2.717299924,1.271330453,,,,,,,,
,1000,516,-2.704450968,1.298439433,,,,,,,,
,1000,517,-2.691331569,1.325418571,,,,,,,,
,1000,518,-2.677943038,1.352265168,,,,,,,,
,1000,519,-2.664286716,1.378976539,,,,,,,,
,1000,520,-2.650363967,1.405550014,,,,,,,,
,1000,521,-2.636176184,1.431982935,,,,,,,,
,1000,522,-2.621724786,1.458272659,,,,,,,,
,1000,523,-2.607011217,1.484416557,,,,,,,,
,1000,524,-2.592036949,1.510412014,,,,,,,,
,1000,525,-2.57680348,1.536256432,,,,,,,,
,1000,526,-2.561312333,1.561947225,,,,,,,,
,1000,527,-2.545565056,1.587481825,,,,,,,,
,1000,528,-2.529563226,1.612857677,,,,,,,,
,1000,529,-2.51330844,1.638072246,,,,,,,,
,1000,530,-2.496802327,1.663123009,,,,,,,,
,1000,531,-2.480046535,1.68800746,,,,,,,,
,1000,532,-2.46304274,1.712723113,,,,,,,,
,1000,533,-2.445792643,1.737267494,,,,,,,,
,1000,534,-2.428297969,1.76163815,,,,,,,,
,1000,535,-2.410560468,1.785832644,,,,,,,,
,1000,536,-2.392581912,1.809848556,,,,,,,,
,1000,537,-2.3743641,1.833683485,,,,,,,,
,1000,538,-2.355908853,1.857335047,,,,,,,,
,1000,539,-2.337218018,1.880800876,,,,,,,,
,1000,540,-2.318293463,1.904078628,,,,,,,,
,1000,541,-2.29913708,1.927165973,,,,,,,,
,1000,542,-2.279750786,1.950060603,,,,,,,,
,1000,543,-2.260136518,1.972760229,,,,,,,,
,1000,544,-2.240296239,1.99526258,,,,,,,,
,1000,545,-2.220231931,2.017565407,,,,,,,,
,1000,546,-2.199945603,2.039666479,,,,,,,,
,1000,547,-2.179439282,2.061563585,,,,,,,,
,1000,548,-2.158715018,2.083254538,,,,,,,,
,1000,549,-2.137774885,2.104737166,,,,,,,,
,1000,550,-2.116620977,2.126009323,,,,,,,,
,1000,551,-2.095255408,2.14706888,,,,,,,,
,1000,552,-2.073680315,2.167913733,,,,,,,,
,1000,553,-2.051897856,2.188541795,,,,,,,,
,1000,554,-2.029910208,2.208951006,,,,,,,,
,1000,555,-2.007719572,2.229139323,,,,,,,,
,1000,556,-1.985328165,2.249104728,,,,,,,,
,1000,557,-1.962738227,2.268845224,,,,,,,,
,1000,558,-1.939952017,2.288358838,,,,,,,,
,1000,559,-1.916971813,2.307643618,,,,,,,,
,1000,560,-1.893799914,2.326697636,,,,,,,,
,1000,561,-1.870438636,2.345518985,,,,,,,,
,1000,562,-1.846890316,2.364105785,,,,,,,,
,1000,563,-1.823157308,2.382456176,,,,,,,,
,1000,564,-1.799241986,2.400568323,,,,,,,,
,1000,565,-1.775146742,2.418440416,,,,,,,,
,1000,566,-1.750873984,2.436070666,,,,,,,,
,1000,567,-1.726426141,2.453457312,,,,,,,,
,1000,568,-1.701805656,2.470598614,,,,,,,,
,1000,569,-1.677014992,2.487492858,,,,,,,,
,1000,570,-1.652056628,2.504138355,,,,,,,,
,1000,571,-1.626933059,2.52053344,,,,,,,,
,1000,572,-1.601646799,2.536676473,,,,,,,,
,1000,573,-1.576200376,2.552565842,,,,,,,,
,1000,574,-1.550596333,2.568199956,,,,,,,,
,1000,575,-1.524837232,2.583577251,,,,,,,,
,1000,576,-1.498925649,2.598696192,,,,,,,,
,1000,577,-1.472864175,2.613555265,,,,,,,,
,1000,578,-1.446655415,2.628152984,,,,,,,,
,1000,579,-1.420301991,2.642487891,,,,,,,,
,1000,580,-1.393806538,2.656558551,,,,,,,,
,1000,581,-1.367171706,2.670363557,,,,,,,,
,1000,582,-1.340400157,2.683901529,,,,,,,,
,1000,583,-1.31349457,2.697171113,,,,,,,,
,1000,584,-1.286457634,2.710170983,,,,,,,,
,1000,585,-1.259292054,2.722899837,,,,,,,,
,1000,586,-1.232000545,2.735356404,,,,,,,,
,1000,587,-1.204585837,2.747539438,,,,,,,,
,1000,588,-1.177050672,2.759447719,,,,,,,,
,1000,589,-1.149397803,2.771080059,,,,,,,,
,1000,590,-1.121629994,2.782435292,,,,,,,,
,1000,591,-1.093750024,2.793512285,,,,,,,,
,1000,592,-1.06576068,2.804309928,,,,,,,,
,1000,593,-1.03766476,2.814827143,,,,,,,,
,1000,594,-1.009465075,2.825062877,,,,,,,,
,1000,595,-0.981164445,2.835016108,,,,,,,,
,1000,596,-0.952765698,2.844685839,,,,,,,,
,1000,597,-0.924271676,2.854071104,,,,,,,,
,1000,598,-0.895685227,2.863170965,,,,,,,,
,1000,599,-0.867009211,2.87198451,,,,,,,,
,1000,600,-0.838246495,2.88051086,,,,,,,,
,1000,601,-0.809399954,2.888749161,,,,,,,,
,1000,602,-0.780472474,2.896698589,,,,,,,,
,1000,603,-0.751466948,2.90435835,,,,,,,,
,1000,604,-0.722386275,2.911727678,,,,,,,,
,1000,605,-0.693233365,2.918805835,,,,,,,,
,1000,606,-0.664011132,2.925592114,,,,,,,,
,1000,607,-0.634722498,2.932085836,,,,,,,,
,1000,608,-0.605370392,2.938286352,,,,,,,,
,1000,609,-0.57595775,2.944193042,,,,,,,,
,1000,610,-0.546487513,2.949805315,,,,,,,,
,1000,611,-0.516962627,2.95512261,,,,,,,,
,1000,612,-0.487386046,2.960144396,,,,,,,,
,1000,613,-0.457760726,2.964870169,,,,,,,,
,1000,614,-0.428089631,2.969299457,,,,,,,,
,1000,615,-0.398375727,2.973431819,,,,,,,,
,1000,616,-0.368621985,2.977266839,,,,,,,,
,1000,617,-0.338831382,2.980804136,,,,,,,,
,1000,618,-0.309006896,2.984043354,,,,,,,,
,1000,619,-0.27915151,2.98698417,,,,,,,,
,1000,620,-0.249268208,2.989626291,,,,,,,,
,1000,621,-0.219359981,2.991969452,,,,,,,,
,1000,622,-0.189429817,2.994013418,,,,,,,,
,1000,623,-0.15948071,2.995757985,,,,,,,,
,1000,624,-0.129515656,2.997202979,,,,,,,,
,1000,625,-0.09953765,2.998348255,,,,,,,,
,1000,626,-0.06954969,2.999193698,,,,,,,,
,1000,627,-0.039554775,2.999739225,,,,,,,,
,1000,628,-0.009555905,2.999984781,,,,,,,,
,1000,629,0.02044392,2.99993034,,,,,,,,
,1000,630,0.050441701,2.999575909,,,,,,,,
,1000,631,0.080434439,2.998921523,,,,,,,,
,1000,632,0.110419132,2.997967247,,,,,,,,
,1000,633,0.140392784,2.996713177,,,,,,,,
,1000,634,0.170352397,2.995159438,,,,,,,,
,1000,635,0.200294975,2.993306186,,,,,,,,
,1000,636,0.230217523,2.991153606,,,,,,,,
,1000,637,0.26011705,2.988701912,,,,,,,,
,1000,638,0.289990565,2.985951351,,,,,,,,
,1000,639,0.319835081,2.982902198,,,,,,,,
,1000,640,0.349647615,2.979554756,,,,,,,,
,1000,641,0.379425183,2.975909362,,,,,,,,
,1000,642,0.40916481,2.971966379,,,,,,,,
,1000,643,0.43886352,2.967726202,,,,,,,,
,1000,644,0.468518345,2.963189255,,,,,,,,
,1000,645,0.498126318,2.958355991,,,,,,,,
,1000,646,0.527684478,2.953226895,,,,,,,,
,1000,647,0.557189871,2.947802478,,,,,,,,
,1000,648,0.586639545,2.942083283,,,,,,,,
,1000,649,0.616030556,2.936069882,,,,,,,,
,1000,650,0.645359964,2.929762877,,,,,,,,
,1000,651,0.674624837,2.923162898,,,,,,,,
,1000,652,0.703822248,2.916270605,,,,,,,,
,1000,653,0.732949277,2.909086688,,,,,,,,
,1000,654,0.762003012,2.901611864,,,,,,,,
,1000,655,0.790980547,2.893846882,,,,,,,,
,1000,656,0.819878985,2.885792517,,,,,,,,
,1000,657,0.848695436,2.877449575,,,,,,,,
,1000,658,0.877427017,2.868818891,,,,,,,,
,1000,659,0.906070857,2.859901327,,,,,,,,
,1000,660,0.934624091,2.850697776,,,,,,,,
,1000,661,0.963083862,2.841209157,,,,,,,,
,1000,662,0.991447327,2.83143642,,,,,,,,
,1000,663,1.019711647,2.821380541,,,,,,,,
,1000,664,1.047873997,2.811042527,,,,,,,,
,1000,665,1.07593156,2.80042341,,,,,,,,
,1000,666,1.103881532,2.789524254,,,,,,,,
,1000,667,1.131721116,2.778346148,,,,,,,,
,1000,668,1.159447529,2.766890209,,,,,,,,
,1000,669,1.187057998,2.755157584,,,,,,,,
,1000,670,1.214549762,2.743149445,,,,,,,,
,1000,671,1.241920072,2.730866993,,,,,,,,
,1000,672,1.269166191,2.718311457,,,,,,,,
,1000,673,1.296285395,2.705484092,,,,,,,,
,1000,674,1.323274971,2.692386181,,,,,,,,
,1000,675,1.350132221,2.679019034,,,,,,,,
,1000,676,1.376854459,2.665383987,,,,,,,,
,1000,677,1.403439013,2.651482404,,,,,,,,
,1000,678,1.429883223,2.637315675,,,,,,,,
,1000,679,1.456184447,2.622885216,,,,,,,,
,1000,680,1.482340053,2.608192471,,,,,,,,
,1000,681,1.508347427,2.593238909,,,,,,,,
,1000,682,1.534203967,2.578026025,,,,,,,,
,1000,683,1.559907088,2.562555341,,,,,,,,
,1000,684,1.58545422,2.546828403,,,,,,,,
,1000,685,1.610842807,2.530846785,,,,,,,,
,1000,686,1.636070312,2.514612084,,,,,,,,
,1000,687,1.661134211,2.498125924,,,,,,,,
,1000,688,1.686031998,2.481389954,,,,,,,,
,1000,689,1.710761183,2.464405846,,,,,,,,
,1000,690,1.735319293,2.4471753,,,,,,,,
,1000,691,1.759703873,2.429700039,,,,,,,,
,1000,692,1.783912484,2.411981809,,,,,,,,
,1000,693,1.807942705,2.394022384,,,,,,,,
,1000,694,1.831792134,2.375823558,,,,,,,,
,1000,695,1.855458384,2.357387152,,,,,,,,
,1000,696,1.878939091,2.338715009,,,,,,,,
,1000,697,1.902231905,2.319808996,,,,,,,,
,1000,698,1.925334498,2.300671005,,,,,,,,
,1000,699,1.948244558,2.281302948,,,,,,,,
,1000,700,1.970959796,2.261706763,,,,,,,,
,1000,701,1.99347794,2.241884409,,,,,,,,
,1000,702,2.015796737,2.221837869,,,,,,,,
,1000,703,2.037913956,2.201569146,,,,,,,,
,1000,704,2.059827386,2.181080269,,,,,,,,
,1000,705,2.081534835,2.160373285,,,,,,,,
,1000,706,2.103034132,2.139450266,,,,,,,,
,1000,707,2.124323127,2.118313304,,,,,,,,
,1000,708,2.145399692,2.096964512,,,,,,,,
,1000,709,2.166261718,2.075406025,,,,,,,,
,1000,710,2.18690712,2.053639999,,,,,,,,
,1000,711,2.207333834,2.031668611,,,,,,,,
,1000,712,2.227539815,2.009494058,,,,,,,,
,1000,713,2.247523045,1.987118558,,,,,,,,
,1000,714,2.267281524,1.964544347,,,,,,,,
,1000,715,2.286813277,1.941773683,,,,,,,,
,1000,716,2.306116351,1.918808843,,,,,,,,
,1000,717,2.325188814,1.895652125,,,,,,,,
,1000,718,2.344028761,1.872305842,,,,,,,,
,1000,719,2.362634307,1.848772331,,,,,,,,
,1000,720,2.381003592,1.825053944,,,,,,,,
,1000,721,2.399134778,1.801153053,,,,,,,,
,1000,722,2.417026052,1.777072048,,,,,,,,
,1000,723,2.434675626,1.752813337,,,,,,,,
,1000,724,2.452081735,1.728379347,,,,,,,,
,1000,725,2.469242637,1.70377252,,,,,,,,
,1000,726,2.486156617,1.678995317,,,,,,,,
,1000,727,2.502821984,1.654050216,,,,,,,,
,1000,728,2.51923707,1.628939712,,,,,,,,
,1000,729,2.535400235,1.603666315,,,,,,,,
,1000,730,2.551309862,1.578232552,,,,,,,,
,1000,731,2.56696436,1.552640968,,,,,,,,
,1000,732,2.582362164,1.526894121,,,,,,,,
,1000,733,2.597501733,1.500994585,,,,,,,,
,1000,734,2.612381555,1.474944952,,,,,,,,
,1000,735,2.627000141,1.448747825,,,,,,,,
,1000,736,2.641356029,1.422405825,,,,,,,,
,1000,737,2.655447783,1.395921585,,,,,,,,
,1000,738,2.669273995,1.369297754,,,,,,,,
,1000,739,2.682833282,1.342536995,,,,,,,,
,1000,740,2.696124287,1.315641983,,,,,,,,
,1000,741,2.709145683,1.288615408,,,,,,,,
,1000,742,2.721896166,1.261459972,,,,,,,,
,1000,743,2.734374462,1.234178392,,,,,,,,
,1000,744,2.746579322,1.206773394,,,,,,,,
,1000,745,2.758509527,1.179247721,,,,,,,,
,1000,746,2.770163884,1.151604123,,,,,,,,
,1000,747,2.781541226,1.123845366,,,,,,,,
,1000,748,2.792640417,1.095974226,,,,,,,,
,1000,749,2.803460345,1.067993489,,,,,,,,
,1000,750,2.81399993,1.039905954,,,,,,,,
,1000,751,2.824258118,1.011714428,,,,,,,,
,1000,752,2.834233882,0.983421733,,,,,,,,
,1000,753,2.843926225,0.955030695,,,,,,,,
,1000,754,2.853334177,0.926544156,,,,,,,,
,1000,755,2.862456799,0.897964963,,,,,,,,
,1000,756,2.871293177,0.869295974,,,,,,,,
,1000,757,2.879842429,0.840540057,,,,,,,,
,1000,758,2.888103698,0.811700086,,,,,,,,
,1000,759,2.89607616,0.782778945,,,,,,,,
,1000,760,2.903759016,0.753779528,,,,,,,,
,1000,761,2.911151499,0.724704733,,,,,,,,
,1000,762,2.918252869,0.695557468,,,,,,,,
,1000,763,2.925062417,0.666340648,,,,,,,,
,1000,764,2.93157946,0.637057195,,,,,,,,
,1000,765,2.937803348,0.607710036,,,,,,,,
,1000,766,2.943733458,0.578302107,,,,,,,,
,1000,767,2.949369197,0.548836348,,,,,,,,
,1000,768,2.954710002,0.519315706,,,,,,,,
,1000,769,2.959755338,0.489743133,,,,,,,,
,1000,770,2.964504702,0.460121586,,,,,,,,
,1000,771,2.968957617,0.430454027,,,,,,,,
,1000,772,2.973113639,0.400743423,,,,,,,,
,1000,773,2.976972352,0.370992746,,,,,,,,
,1000,774,2.98053337,0.341204969,,,,,,,,
,1000,775,2.983796337,0.311383072,,,,,,,,
,1000,776,2.986760928,0.281530037,,,,,,,,
,1000,777,2.989426844,0.251648849,,,,,,,,
,1000,778,2.991793821,0.221742496,,,,,,,,
,1000,779,2.99386162,0.19181397,,,,,,,,
,1000,780,2.995630036,0.161866262,,,,,,,,
,1000,781,2.997098892,0.131902367,,,,,,,,
,1000,782,2.99826804,0.101925283,,,,,,,,
,1000,783,2.999137363,0.071938006,,,,,,,,
,1000,784,2.999706776,0.041943535,,,,,,,,
,1000,785,2.99997622,0.01194487,,,,,,,,
,1000,786,2.999945669,-0.018054989,,,,,,,,
,1000,787,2.999615126,-0.048053043,,,,,,,,
,1000,788,2.998984624,-0.078046292,,,,,,,,
,1000,789,2.998054226,-0.108031736,,,,,,,,
,1000,790,2.996824026,-0.138006377,,,,,,,,
,1000,791,2.995294145,-0.167967217,,,,,,,,
,1000,792,2.993464737,-0.197911261,,,,,,,,
,1000,793,2.991335986,-0.227835514,,,,,,,,
,1000,794,2.988908103,-0.257736984,,,,,,,,
,1000,795,2.986181332,-0.28761268,,,,,,,,
,1000,796,2.983155945,-0.317459615,,,,,,,,
,1000,797,2.979832245,-0.347274805,,,,,,,,
,1000,798,2.976210565,-0.377055267,,,,,,,,
,1000,799,2.972291266,-0.406798024,,,,,,,,
,1000,800,2.96807474,-0.436500101,,,,,,,,
,1000,801,2.963561409,-0.466158529,,,,,,,,
,1000,802,2.958751725,-0.495770342,,,,,,,,
,1000,803,2.953646168,-0.525332578,,,,,,,,
,1000,804,2.948245248,-0.554842281,,,,,,,,
,1000,805,2.942549507,-0.5842965,,,,,,,,
,1000,806,2.936559513,-0.61369229,,,,,,,,
,1000,807,2.930275866,-0.643026711,,,,,,,,
,1000,808,2.923699193,-0.67229683,,,,,,,,
,1000,809,2.916830153,-0.701499721,,,,,,,,
,1000,810,2.909669433,-0.730632461,,,,,,,,
,1000,811,2.902217747,-0.759692139,,,,,,,,
,1000,812,2.894475843,-0.788675849,,,,,,,,
,1000,813,2.886444493,-0.817580691,,,,,,,,
,1000,814,2.878124502,-0.846403776,,,,,,,,
,1000,815,2.8695167,-0.875142222,,,,,,,,
,1000,816,2.860621949,-0.903793154,,,,,,,,
,1000,817,2.851441138,-0.932353707,,,,,,,,
,1000,818,2.841975186,-0.960821026,,,,,,,,
,1000,819,2.832225038,-0.989192264,,,,,,,,
,1000,820,2.82219167,-1.017464583,,,,,,,,
,1000,821,2.811876085,-1.045635156,,,,,,,,
,1000,822,2.801279315,-1.073701167,,,,,,,,
,1000,823,2.79040242,-1.101659809,,,,,,,,
,1000,824,2.779246486,-1.129508286,,,,,,,,
,1000,825,2.767812631,-1.157243812,,,,,,,,
,1000,826,2.756101996,-1.184863616,,,,,,,,
,1000,827,2.744115753,-1.212364934,,,,,,,,
,1000,828,2.731855101,-1.239745016,,,,,,,,
,1000,829,2.719321266,-1.267001125,,,,,,,,
,1000,830,2.706515501,-1.294130535,,,,,,,,
,1000,831,2.693439087,-1.321130533,,,,,,,,
,1000,832,2.680093331,-1.347998419,,,,,,,,
,1000,833,2.666479568,-1.374731506,,,,,,,,
,1000,834,2.652599159,-1.401327121,,,,,,,,
,1000,835,2.638453493,-1.427782605,,,,,,,,
,1000,836,2.624043983,-1.454095312,,,,,,,,
,1000,837,2.609372071,-1.48026261,,,,,,,,
,1000,838,2.594439224,-1.506281883,,,,,,,,
,1000,839,2.579246935,-1.53215053,,,,,,,,
,1000,840,2.563796724,-1.557865962,,,,,,,,
,1000,841,2.548090136,-1.58342561,,,,,,,,
,1000,842,2.53212874,-1.608826916,,,,,,,,
,1000,843,2.515914133,-1.63406734,,,,,,,,
,1000,844,2.499447938,-1.65914436,,,,,,,,
,1000,845,2.482731799,-1.684055466,,,,,,,,
,1000,846,2.46576739,-1.708798168,,,,,,,,
,1000,847,2.448556406,-1.733369992,,,,,,,,
,1000,848,2.431100568,-1.75776848,,,,,,,,
,1000,849,2.413401622,-1.781991193,,,,,,,,
,1000,850,2.395461338,-1.806035708,,,,,,,,
,1000,851,2.37728151,-1.829899621,,,,,,,,
,1000,852,2.358863955,-1.853580546,,,,,,,,
,1000,853,2.340210517,-1.877076114,,,,,,,,
,1000,854,2.321323059,-1.900383976,,,,,,,,
,1000,855,2.302203471,-1.923501801,,,,,,,,
,1000,856,2.282853664,-1.946427278,,,,,,,,
,1000,857,2.263275574,-1.969158114,,,,,,,,
,1000,858,2.243471158,-1.991692035,,,,,,,,
,1000,859,2.223442397,-2.014026789,,,,,,,,
,1000,860,2.203191294,-2.036160142,,,,,,,,
,1000,861,2.182719873,-2.058089881,,,,,,,,
,1000,862,2.162030182,-2.079813812,,,,,,,,
,1000,863,2.14112429,-2.101329764,,,,,,,,
,1000,864,2.120004287,-2.122635584,,,,,,,,
,1000,865,2.098672286,-2.143729143,,,,,,,,
,1000,866,2.077130419,-2.16460833,,,,,,,,
,1000,867,2.055380841,-2.185271059,,,,,,,,
,1000,868,2.033425726,-2.205715262,,,,,,,,
,1000,869,2.011267271,-2.225938895,,,,,,,,
,1000,870,1.98890769,-2.245939937,,,,,,,,
,1000,871,1.966349221,-2.265716386,,,,,,,,
,1000,872,1.943594118,-2.285266266,,,,,,,,
,1000,873,1.920644657,-2.304587621,,,,,,,,
,1000,874,1.897503134,-2.323678519,,,,,,,,
,1000,875,1.874171861,-2.342537051,,,,,,,,
,1000,876,1.850653173,-2.361161331,,,,,,,,
,1000,877,1.826949422,-2.379549497,,,,,,,,
,1000,878,1.803062977,-2.397699711,,,,,,,,
,1000,879,1.778996227,-2.415610156,,,,,,,,
,1000,880,1.754751579,-2.433279042,,,,,,,,
,1000,881,1.730331457,-2.450704603,,,,,,,,
,1000,882,1.705738304,-2.467885095,,,,,,,,
,1000,883,1.680974578,-2.4848188,,,,,,,,
,1000,884,1.656042756,-2.501504026,,,,,,,,
,1000,885,1.630945331,-2.517939103,,,,,,,,
,1000,886,1.605684813,-2.534122389,,,,,,,,
,1000,887,1.580263728,-2.550052264,,,,,,,,
,1000,888,1.554684618,-2.565727137,,,,,,,,
,1000,889,1.52895004,-2.581145438,,,,,,,,
,1000,890,1.503062569,-2.596305628,,,,,,,,
,1000,891,1.477024793,-2.611206189,,,,,,,,
,1000,892,1.450839316,-2.625845631,,,,,,,,
,1000,893,1.424508756,-2.640222491,,,,,,,,
,1000,894,1.398035746,-2.654335332,,,,,,,,
,1000,895,1.371422934,-2.66818274,,,,,,,,
,1000,896,1.344672981,-2.681763333,,,,,,,,
,1000,897,1.317788561,-2.695075752,,,,,,,,
,1000,898,1.290772364,-2.708118665,,,,,,,,
,1000,899,1.263627091,-2.720890769,,,,,,,,
,1000,900,1.236355456,-2.733390786,,,,,,,,
,1000,901,1.208960186,-2.745617466,,,,,,,,
,1000,902,1.181444022,-2.757569586,,,,,,,,
,1000,903,1.153809714,-2.769245952,,,,,,,,
,1000,904,1.126060026,-2.780645396,,,,,,,,
,1000,905,1.098197733,-2.791766778,,,,,,,,
,1000,906,1.070225621,-2.802608985,,,,,,,,
,1000,907,1.042146487,-2.813170933,,,,,,,,
,1000,908,1.01396314,-2.823451567,,,,,,,,
,1000,909,0.985678397,-2.833449858,,,,,,,,
,1000,910,0.957295087,-2.843164806,,,,,,,,
,1000,911,0.928816048,-2.852595441,,,,,,,,
,1000,912,0.900244129,-2.861740818,,,,,,,,
,1000,913,0.871582186,-2.870600023,,,,,,,,
,1000,914,0.842833085,-2.879172171,,,,,,,,
,1000,915,0.813999702,-2.887456404,,,,,,,,
,1000,916,0.78508492,-2.895451894,,,,,,,,
,1000,917,0.75609163,-2.903157841,,,,,,,,
,1000,918,0.727022731,-2.910573474,,,,,,,,
,1000,919,0.69788113,-2.917698053,,,,,,,,
,1000,920,0.668669742,-2.924530864,,,,,,,,
,1000,921,0.639391488,-2.931071225,,,,,,,,
,1000,922,0.610049295,-2.937318481,,,,,,,,
,1000,923,0.580646097,-2.943272007,,,,,,,,
,1000,924,0.551184836,-2.948931209,,,,,,,,
,1000,925,0.521668456,-2.95429552,,,,,,,,
,1000,926,0.49209991,-2.959364404,,,,,,,,
,1000,927,0.462482155,-2.964137355,,,,,,,,
,1000,928,0.432818151,-2.968613893,,,,,,,,
,1000,929,0.403110866,-2.972793573,,,,,,,,
,1000,930,0.373363271,-2.976675976,,,,,,,,
,1000,931,0.343578339,-2.980260714,,,,,,,,
,1000,932,0.31375905,-2.983547429,,,,,,,,
,1000,933,0.283908385,-2.986535791,,,,,,,,
,1000,934,0.254029329,-2.989225502,,,,,,,,
,1000,935,0.224124871,-2.991616293,,,,,,,,
,1000,936,0.194198001,-2.993707924,,,,,,,,
,1000,937,0.164251711,-2.995500188,,,,,,,,
,1000,938,0.134288995,-2.996992904,,,,,,,,
,1000,939,0.104312851,-2.998185923,,,,,,,,
,1000,940,0.074326276,-2.999079126,,,,,,,,
,1000,941,0.044332269,-2.999672424,,,,,,,,
,1000,942,0.014333828,-2.999965757,,,,,,,,
,1000,943,-0.015666046,-2.999959096,,,,,,,,
,1000,944,-0.045664354,-2.999652441,,,,,,,,
,1000,945,-0.075658095,-2.999045824,,,,,,,,
,1000,946,-0.105644271,-2.998139304,,,,,,,,
,1000,947,-0.135619882,-2.996932973,,,,,,,,
,1000,948,-0.165581931,-2.995426952,,,,,,,,
,1000,949,-0.195527423,-2.99362139,,,,,,,,
,1000,950,-0.225453361,-2.991516469,,,,,,,,
,1000,951,-0.255356755,-2.989112398,,,,,,,,
,1000,952,-0.285234613,-2.986409419,,,,,,,,
,1000,953,-0.315083948,-2.983407801,,,,,,,,
,1000,954,-0.344901775,-2.980107845,,,,,,,,
,1000,955,-0.374685111,-2.97650988,,,,,,,,
,1000,956,-0.40443098,-2.972614267,,,,,,,,
,1000,957,-0.434136406,-2.968421395,,,,,,,,
,1000,958,-0.463798418,-2.963931684,,,,,,,,
,1000,959,-0.493414052,-2.959145582,,,,,,,,
,1000,960,-0.522980344,-2.954063567,,,,,,,,
,1000,961,-0.552494338,-2.948686149,,,,,,,,
,1000,962,-0.581953084,-2.943013865,,,,,,,,
,1000,963,-0.611353634,-2.937047281,,,,,,,,
,1000,964,-0.64069305,-2.930786996,,,,,,,,
,1000,965,-0.669968397,-2.924233634,,,,,,,,
,1000,966,-0.699176748,-2.917387851,,,,,,,,
,1000,967,-0.728315182,-2.910250332,,,,,,,,
,1000,968,-0.757380785,-2.90282179,,,,,,,,
,1000,969,-0.78637065,-2.895102969,,,,,,,,
,1000,970,-0.815281879,-2.887094639,,,,,,,,
,1000,971,-0.844111581,-2.878797603,,,,,,,,
,1000,972,-0.872856872,-2.870212689,,,,,,,,
,1000,973,-0.901514878,-2.861340757,,,,,,,,
,1000,974,-0.930082733,-2.852182692,,,,,,,,
,1000,975,-0.958557581,-2.842739412,,,,,,,,
,1000,976,-0.986936574,-2.83301186,,,,,,,,
,1000,977,-1.015216874,-2.823001009,,,,,,,,
,1000,978,-1.043395653,-2.812707861,,,,,,,,
,1000,979,-1.071470093,-2.802133444,,,,,,,,
,1000,980,-1.099437388,-2.791278816,,,,,,,,
,1000,981,-1.127294739,-2.780145063,,,,,,,,
,1000,982,-1.155039362,-2.768733297,,,,,,,,
,1000,983,-1.182668482,-2.757044661,,,,,,,,
,1000,984,-1.210179337,-2.745080322,,,,,,,,
,1000,985,-1.237569174,-2.732841477,,,,,,,,
,1000,986,-1.264835255,-2.720329351,,,,,,,,
,1000,987,-1.291974854,-2.707545194,,,,,,,,
,1000,988,-1.318985256,-2.694490284,,,,,,,,
,1000,989,-1.345863762,-2.681165928,,,,,,,,
,1000,990,-1.372607681,-2.667573458,,,,,,,,
,1000,991,-1.399214341,-2.653714232,,,,,,,,
,1000,992,-1.425681081,-2.639589637,,,,,,,,
,1000,993,-1.452005254,-2.625201086,,,,,,,,
,1000,994,-1.478184228,-2.610550016,,,,,,,,
,1000,995,-1.504215385,-2.595637894,,,,,,,,
,1000,996,-1.530096121,-2.58046621,,,,,,,,
,1000,997,-1.555823849,-2.565036482,,,,,,,,
,1000,998,-1.581395995,-2.549350252,,,,,,,,
,1000,999,-1.606810004,-2.533409089,,,,,,,,
,1000,1000,-1.632063333,-2.517214587,,,,,,,,
,1000,1001,-1.657153457,-2.500768366,,,,,,,,
,1000,1002,-1.682077866,-2.48407207,,,,,,,,
,1000,1003,-1.70683407,-2.46712737,,,,,,,,
,1000,1004,-1.731419591,-2.449935958,,,,,,,,
,1000,1005,-1.755831972,-2.432499555,,,,,,,,
,1000,1006,-1.780068772,-2.414819904,,,,,,,,
,1000,1007,-1.804127566,-2.396898773,,,,,,,,
,,,,3,,,,,,,,
